body,condition,seed,t_star_M,reeval_mean,reeval_sd,fall_pct,episodes
h0918,MPO,seed0,6,999.1,3.5,0.0,100
h0918,MPO,seed1,14,999.3,1.2,0.0,100
h0918,MPO,seed2,14,999.7,0.6,0.0,100
h0918,DEP-MPO,seed0,10,999.3,0.9,0.0,100
h0918,DEP-MPO,seed1,20,999.5,1.8,0.0,100
h0918,DEP-MPO,seed2,8,999.5,0.7,0.0,100
h0918,no prior,seed0,4,999.8,0.6,0.0,100
h0918,no prior,seed1,12,999.3,2.0,0.0,100
h0918,no prior,seed2,14,999.4,1.6,0.0,100
h0918,only prior (w=0.0),seed0,8,999.9,0.5,0.0,100
h0918,only prior (w=0.0),seed1,4,999.8,0.5,0.0,100
h0918,+0.1 residual,seed0,12,999.8,0.5,0.0,100
h0918,+0.1 residual,seed1,8,999.9,0.3,0.0,100
h0918,+0.1 residual,seed2,12,999.6,1.0,0.0,100
h0918,+0.5 residual,seed0,8,999.8,0.7,0.0,100
h0918,+0.5 residual,seed1,6,999.8,0.5,0.0,100
h0918,untrained decoder,seed0,4,999.3,0.6,0.0,100
h0918,untrained decoder,seed1,20,999.3,2.4,0.0,100
h1622,MPO,seed0,12,998.8,4.2,0.0,100
h1622,MPO,seed1,18,988.2,96.6,1.0,100
h1622,MPO,seed2,14,998.7,2.3,0.0,100
h1622,DEP-MPO,seed0,18,998.9,2.7,0.0,100
h1622,DEP-MPO,seed1,4,996.9,2.8,0.0,100
h1622,DEP-MPO,seed2,10,989.7,83.0,1.0,100
h1622,no prior,seed0,4,947.2,199.6,5.0,100
h1622,no prior,seed1,14,965.0,134.1,7.0,100
h1622,no prior,seed2,20,989.3,89.6,1.0,100
h1622,only prior (w=0.0),seed0,8,953.7,183.9,4.0,100
h1622,only prior (w=0.0),seed1,20,960.4,162.0,3.0,100
h1622,+0.1 residual,seed0,20,763.0,296.5,38.0,100
h1622,+0.1 residual,seed1,14,958.7,160.5,3.0,100
h1622,+0.1 residual,seed2,14,934.7,207.7,5.0,100
h1622,+0.1 residual,seed3,4,952.6,156.1,3.0,100
h1622,+0.5 residual,seed0,16,983.8,68.4,3.0,100
h1622,+0.5 residual,seed1,10,988.5,94.2,1.0,100
h1622,untrained decoder,seed0,18,997.1,4.5,0.0,100
h1622,untrained decoder,seed1,10,998.4,3.1,0.0,100
h2190,MPO,seed0,6,477.4,316.2,79.0,100
h2190,MPO,seed1,8,532.7,314.5,70.0,100
h2190,DEP-MPO,seed0,10,436.1,313.6,82.0,100
h2190,DEP-MPO,seed1,6,601.4,311.9,64.0,100
h2190,no prior,seed0,6,331.7,299.3,86.0,100
h2190,no prior,seed1,6,370.1,218.8,94.0,100
h2190,only prior (w=0.0),seed0,6,371.1,236.6,94.0,100
h2190,only prior (w=0.0),seed1,12,433.7,286.6,83.0,100
h2190,+0.1 residual,seed0,6,371.5,229.8,89.0,100
h2190,+0.1 residual,seed1,8,385.8,250.1,87.0,100
h2190,+0.1 residual,seed2,8,283.3,178.4,98.0,100
h2190,+0.1 residual,seed3,18,326.3,262.5,91.0,100
h2190,+0.5 residual,seed0,12,371.4,327.1,67.0,100
h2190,+0.5 residual,seed1,8,509.0,339.4,74.0,100
h2190,untrained decoder,seed0,16,696.4,315.7,52.0,100
h2190,untrained decoder,seed1,8,515.6,336.4,74.0,100
