ablation,tried,result,why_not,date
Phase-mirroring (mirror_mode='phase'),"Left-leg activation lagged by gait-phase offset instead of synchronous copy of right-leg weights, on h0918","w=0.1: 717.6, worse than the null control (891.0). w=0.5: 996.9, recovers to parity with static but doesn't beat it",Never beat static mirroring anywhere it was tested; static-only is simpler and equally good at high w. Code support fully removed 2026-08-18,2026-08-18
Domain-mapping via whitening (use_whitening=True),"Rotate+scale the policy's raw z_u by the real EMG covariance instead of an independent per-dim range-fix, with a radial cap to counter tanh corner-concentration","Without a radial cap: worse saturation than plain range-fix (29.1%/16.9% vs 23.2%/3.3% pinned). With a hand-tuned cap (r_frac=0.3): beats range-fix, but the previously-assumed default (0.5) is a wash or worse","Never validated in an actual RL training run, only offline saturation stats on a frozen checkpoint's rollout. Needs per-body radial-cap tuning to be safe, not a drop-in win","2026-08-16, re-verified 2026-08-19"
k=7..11 (higher latent dimension),"Full k=1..11 sweep, AB06, corrected recipe, 3 seeds each",R2 climbs monotonically to k=11 (0.982) but marginal gain shrinks fast after k=6 (0.9418); k=6 already captures ~95.8% of the k=11 asymptote,"k=6 selected via 3 independent arguments (elbow shape, frozen-decoder noise argument, peak-corrected RL comparison); higher k adds decoder capacity the RL policy can't reliably exploit","2026-08-14, recipe re-verified 2026-08-16"
Pooled-subject decoder (vs single-subject AB06),decoder_k3/6/8/11 trained on pooled multi-subject EMG data instead of one subject,Not systematically RL-compared under the corrected recipe -- superseded before that comparison happened,AB06 single-subject locked as the production recipe; all pooled-subject decoders deleted 2026-08-19 (comparison data preserved in results/backfill/),2026-08-19
AB20 decoder (different single subject),"Single-subject decoder trained on AB20 instead of AB06, k=11 and k=6",Not RL-compared against AB06 under the corrected recipe,AB06 locked as the production subject; AB20 decoder deleted 2026-08-19 alongside the rest of the pre-correction set,2026-08-19
Sample-efficiency (strides-per-mode) sweep,"Decoder held-out R2 vs number of training strides available (spm=1..250), 3 subjects (AB06/AB08/AB19), 3 seeds at low spm",R2 saturates near spm=100-250 (~0.90-0.93); very few strides (spm<=5) gives negative R2 (worse than predicting the mean),"Informative data-efficiency result, but not part of the main real/null/untrained ablation matrix -- kept as a separate persisted CSV, not a training condition",2026-08-15/16
Speed-conditioned decoder (k11_speedcond),Decoder input widened by 1 dim to condition on a target walking speed,Never RL-tested,"Built but never wired into any final_experiments config; every sconewalk_*_onlyVelRew env targets one fixed speed anyway, so the conditioning has no live use case yet",unknown (pre-08-19)
Subject fingerprinting / per-subject personalization,One shared decoder + a per-subject EMG 'fingerprint' conditioning vector (subject_aware=True path),First zero-shot check failed: the pooled-average fingerprint beat the subject's own fingerprint on held-out AB06/AB20 data,"Negative result at the very first check, never wired into final_experiments. Left as-is (not deleted) since it's a well-named singleton, not a proliferation problem","pre-08-19, status confirmed 2026-08-19"
Self-rollout synergy (rollout_synergy/),"Decoder fit on a trained MPO policy's own h0918 muscle activations instead of EMG -- a different prior *source*, not a subject variant",Confirmed orphaned via grep -- no code references it,"Deliberately excluded from the synergy_priors/ taxonomy; not an EMG-based prior at all, off the project's actual research question",confirmed orphaned 2026-08-19
Hard-constraint synergies (Park et al.-inspired),"Inverse-simulation-derived synergy basis used as a hard constraint on the action space, not a soft residual blend",Failed badly,"Motivated by Park et al. 2026's better knee kinematics/GRF result, but did not replicate for our EMG-based, soft-blend setup",pre-08-19
DEP-content prior (dep_prior category),"a_hat sourced from DEP's own self-organized C matrix instead of a decoded EMG z, on h2190",Died after 200k/20M steps running at 16.5 steps/sec vs ~570-660 sps for every other run (30-40x slower),"Severe unresolved performance bug, never profiled or relaunched. Quarantined to deprecated_dep_prior_perfbug/",2026-08-15
net512 (wider policy network),A handful of net512 baseline runs pre-2026-08-15 reorg,Not systematically compared to net256 under the current corrected recipe,"net256 is the locked default for all of final_experiments; a future net512 ablation would route to final_experiments/other/ by the naming-convention fix, but none has been run under the current recipe","historical, pre-08-15"
clip_actions=True,Never actually run under the current recipe -- only appears in the reference DEP-RL authors' own shipped baseline configs (verified via Google Drive) and in very early pre-reorg runs,n/a -- not tested,"noclip is our standing convention for every current final_experiments config (100% verified); clip=True remains a real, flagged, never-tested gap against the authors' own baseline convention","flagged 2026-08-17, still open"
reward_variant='full' (all env_args coefficients active),"Scope explicitly locked to two variants (onlyvelrew, full) on 2026-08-17, but zero 'full' configs have been generated or run since",n/a -- not started,"Explicit user call to not confuse scope further; onlyvelrew is the entire current focus, full deliberately deferred",2026-08-17
AE loss hard dead-zone (matching reference repo's actual torch.where cutoff),"Reference repo's real code zeroes the penalty gradient inside [-0.8,0.8] before the exp-barrier term -- ours may or may not need the same",Never checked whether our own latent_norm_penalty has or needs this,"Flagged as an open discrepancy during the 2026-08-19 paper-vs-code audit, not investigated further this session","flagged 2026-08-19, still open"
"Decoder depth=2 (matching reference repo's actual code, not just its prose)","Full depth x threshold x margin x scale grid search, 3 seeds per point",depth=1 wins outright across the whole grid (0.9379+/-0.0045 vs depth=2's 0.9348+/-0.0070),depth=1 matches the paper's prose and beats depth=2 empirically -- deliberately not matching the reference implementation's actual code here,2026-08-16
coactivation_reward.py / self_synergy_prior.py (side reward-shaping mechanisms),Additional reward-shaping terms outside the two locked reward variants,Already flat/negative results before the 2026-08-17 scope-lock decision,"Deleted outright 2026-08-17, not part of either locked reward variant",2026-08-17
"Additive blend formula (a_hat + w*a_full, pre-convex-combination fix)","The original blend formula before the 2026-07-21 convex-combination fix -- k=3/6/8/11, w up to 0.8, clip=True, 'full' reward variant, h0918/h1622. ~16 runs in RUNS_INDEX.csv under category=deprecated_additive_formula","Scores in the 6700-9270 range (old 'full' reward's raw scale) with generally high seed variance (e.g. k=3 seed1 std=3557.0) -- but structurally, final_action could only ever be pushed UP from a_hat, never corrected down, since both terms were >=0","Provably broken by construction, not just empirically worse: a mapped muscle's activation could never be corrected below whatever the EMG prior said for that instant, no matter how wrong. Fixed 2026-07-21 to a genuine convex combination; every run under this category predates and is not comparable to anything after that fix","pre-2026-07-21, superseded"
"'allactuators' variant (EMG mapping/residual applied uniformly, not just to mapped actuators)","emg_lap and no_lap, h0918, k=11, w=0.1, clip=True, full reward, 2 seeds each","Highly inconsistent across seeds -- emg_lap seed0=3809.9 vs seed1=671.1 on the same condition, no_lap pair closer (1089.1/1021.1) but both far below the era's typical ~9000 ceiling",High variance and no clear signal; not pursued past this initial 4-run check. Never revisited under the corrected recipe,"pre-2026-08-15, not revisited"
"Finer w-grid (0.2, 0.3, 0.8) beyond the locked {0.0, 0.1, 0.5}","emg_lap/no_lap, h0918 (k=11) and h1622 (k=6), under the old additive-formula/clip=True/full-reward era","w=0.2/0.3/0.8 all land in the same near-ceiling band as w=0.5 (8900-9270 typical, one high-variance outlier at w=0.3 std=4077.2) -- consistent with the same 'free residual saturates the metric at moderate-to-high w' pattern later confirmed under the corrected recipe","Never re-run under the corrected mechanism or the locked {0.0,0.1,0.5} grid; the intermediate points didn't change the qualitative story enough to justify keeping them in the matrix long-term","pre-2026-08-15, superseded by the 3-point grid"
"k=3, k=8 at the RL level (not just decoder reconstruction R2)","h0918, under the old additive-formula/clip=True/full-reward era, plus a couple of corrected-era single checks","k=3 h0918: 8670-8989 (one seed badly unstable, std=3557). k=8 h0918: 9037-9052, similar to k=6/k=11's ceiling","k=6 selected instead via the held-out-R2 elbow argument (decoder-only, no RL compute needed) -- k=3/8 were never systematically RL-compared under the corrected recipe the way k=6 vs k=11 was",pre-2026-08-15
gaussianvel reward variant,"A handful of spot-checks: dep-mpo/mpo h2190 backbones, emg_lap/no_lap h0918 k=11 w=0.1","Scores 308.8-967.1 on this variant's own scale -- notably the null-prior condition (745.9) sits between the backbones (~310-320) and real-LAP (967.1), a different ordering than onlyvelrew's typical pattern","Reward-variant scope explicitly locked to two (onlyvelrew, full) on 2026-08-17, gaussianvel dropped from active scope -- these few spot-checks were never extended into a real sweep",pre-2026-08-17 scope lock
"Correlated EMG-noise exploration (corrnoise, action-perturbation mechanism)","New mechanism class (2026-07-30): instead of decoding EMG into a target action, shape the *covariance* of MPO's exploration noise using the real cross-actuator EMG correlation matrix (Cholesky factor L, perturbation = noise_scale*(L@eps)). Swept noise_scale (0.02/0.05/0.15), intervention_proba (0.1 vs 0.5), mirror_left, and a temporal_corr (AR(1)/OU) extension for time-smoothness. h0918, plain reward.","Real vs null indistinguishable at every single setting tried -- 8 runs, all landing in a tight 9090-9200 band. shuffle_corr and temporal_corr=0.95 pair were launched but deliberately aborted before completion once the pattern was already clear from 8 prior runs.","No hyperparameter combination ever separated real from null; judged very unlikely shuffle_corr would separate from an already-flat baseline. More likely root cause: corrnoise perturbs the *executed* action post-hoc, so MPO's own policy distribution never treats it as native (unlike true Lattice/gSDE, which reshapes the sampling distribution directly -- ruled out as a same-session build, needs new trust-region math for a correlated Gaussian).","2026-07-30 to 2026-08-02, aborted"
"EMG-coactivation reward shaping","Third mechanism class (2026-08-02): reward the policy's own recent muscle-activation history (rolling 50-step window) for matching real EMG's cross-actuator correlation structure, via imitation_coeff*(-MSE vs target correlation matrix) added to the base reward. h0918, real/null(identity)/shuffle(permuted) targets, single seed each.","Real 9101.2, null(identity) 9186.4, shuffle 9103.2 -- null nominally highest, all three within ~85pts of each other and of plain MPO (~9108.7). A real bug was caught and fixed first: cosine-similarity made the null target mathematically vacuous (identically 0 regardless of input); switched to negative MSE to make it a genuine matched control.","Extends the same flat/reversed pattern already seen on the action channel (free-blend, corrnoise) to a third, structurally distinct mechanism class (reward, not action) -- real vs null still doesn't separate in EMG's favor regardless of which channel carries the mechanism.","2026-08-02"
"Self-derived synergy prior (SAR-style, decoder fit on the policy's own rollout instead of EMG)","Fits a k=11 synergy decoder on a trained MPO checkpoint's own greedy rollout activations (not EMG) -- isolates whether the project's mechanisms need biological content specifically or just any self-consistent low-dimensional structure. Full-coverage (all 18 actuators), residual_weight=0.1 (matches hardconstraint11), h0918, single seed real/null, plus a shuffled-decoder control added later.","Real: 9237.8 (best stable h0918 score on record). Null (a_hat=0, same blanket 10% clamp): 464.1, a near-total collapse. Shuffle (real decoder's own output values reattached to the wrong actuators): 8790.9 -- far closer to real than to null.","The shuffle control shows the real-vs-null gap is mostly about having *any* structured nonzero content under a blanket full-actuator clamp (the same 'structured beats nothing' pattern as the untrained-decoder findings elsewhere), not evidence for self-derived-synergy content specifically. Not carried forward as its own mechanism.","2026-08-02/03"
"DEP + EMG hard-constraint combo","Combine DEP's online self-organizing exploration with the EMG hard-constraint mechanism, to try to beat DEP-MPO outright (config-only: dep_factory(0,...) -> dep_factory(3,...) on existing hardconstraint configs).","Crashed on a real structural incompatibility (not a config bug): einsum dimension mismatch, DEP's C-matrix assumes the action dimension and sensed muscle-state dimension are the same 1:1 space (18=18 for h0918); LatentActionPriorWrapper breaks this by making the action space 29-dim (11 latent + 18 residual) while muscle-state sensing stays 18-dim.","Architecturally blocked, not an afternoon fix -- would require redefining how DEP's C-matrix relates actions to muscle states for a non-1:1 space, a real research question in itself. Never revisited.","2026-07-29"
"H2190_SCOPE_PROXY (extend the tight hard-constraint weight to proxy-copied targets on unmapped deep h2190 muscles)","Proposed to separate 'real content stops transferring at low coverage' from 'the hard-constraint mechanism itself loses grip once scoped to a minority of actuators' -- proxy-copies mapped_residual_weight=0.1 onto anatomically-related unmapped muscles to bring h2190's tight-constraint coverage up to h0918/h1622's ~65%.","Real 447.3, null 309.4 -- both collapse to near the untrained-decoder floor (~230-280), far below the original coverage-only h2190 numbers (real 4265-7318, null 3767-5957 across 3 seeds). Real still beats null outside the noise, so content still matters, but proxy-copying EMG targets onto deep muscles actively breaks locomotion.","Answers 'does scope-extension rescue h2190' with a clear no -- not pursued further, single seed each.","2026-08-01"
"Coverage-tracking hypothesis (does EMG-actuator-coverage fraction predict real-vs-null win direction under the hard constraint)","5-seed h2190 hard-constraint real-vs-null sweep specifically to test whether coverage (67% h0918, 64% h1622, 22% h2190) predicts whether real beats null -- h0918/h1622 both showed real>null cleanly under this mechanism.","Seed0/1: null wins (the hoped-for reversal). Seed2: real wins. Seed3: real wins. Seed4: null wins. Pooled across all 5 seeds: real mean ~5560.0, null mean ~5567.9 -- statistically indistinguishable.","Retired as a load-bearing thesis claim -- h2190's direction is genuinely noise-dominated at this coverage level, not a clean monotonic coverage-tracking effect. Not pursuing a 6th seed; the effect size, if any, is smaller than h2190's own eval-noise floor.","2026-07-29 to 2026-08-02"
"Content-vs-availability control (hard-constraint era: trained vs null vs untrained decoder, h0918)","Under the old additive-formula/hard-constraint mechanism (mapped_residual_weight=0.1, mirror_left=True, k=11): trained real decoder vs null_prior (a_hat=0) vs a randomly-initialized never-fitted decoder, same architecture/scale.","Trained ~8580-8858, null_prior ~5880-7228, untrained collapses to 268-275 -- far below null, not just below trained. A random decoder is actively worse than no prior at all.","Motivated the project's standing 'trained >> null >> untrained' three-way framing (still used today), but this specific numeric result is under the superseded additive-formula/hard-constraint mechanism -- doesn't carry forward as a citable number, only as the methodological pattern it established.","2026-07-28"
"Gait-phase-conditioning for the decoder (AE_phase vs plain AE, held-out R2)","Added sin/cos phase-of-gait-cycle as a conditioning input to the synergy autoencoder (phase derived for free from the h5's own 101-point-per-stride layout), k=1..11 sweep.","Phase-conditioning helps a lot at low k (+0.127 R2 at k=1) but the gain vanishes/reverses by k=8-11 (-0.006 to -0.011) -- exactly the k range the actual RL work uses.","At k=11 the AE already has as many latent dims as EMG channels, so it doesn't need phase as a reconstruction shortcut -- not actionable for the k=6/11 RL work; the coverage-gap / missing-forcing-function stories remain the more likely explanation for whatever phase-conditioning would have addressed.","2026-07-27"
"Phase-conditioned VAE for structured exploration noise (train_phase_vae.py)","A phase-conditioned generative decoder sampling z~N(0,I) at a fixed gait phase, intended to produce naturally cross-muscle-correlated, phase-appropriate exploration noise for MPO -- the same mechanism Lattice hand-engineers, learned from real EMG instead. Beta-KL sweep (1.0, 0.1, 0.05, 0.3) at decoder level only, no RL integration attempted.","beta=0.05 is the standout: held-out R2=0.840 (near the deterministic AE_phase ceiling of 0.888), with clean, anatomically sensible correlation structure (vastusmedialis~vastuslateralis and bicepsfemoris~semitendinosus both 0.98-1.00 at every phase point). beta=0.3 looked stronger on raw correlation (0.75-0.96) but was diagnosed as posterior collapse, not genuine structure. beta=1.0 was simply too aggressive a KL weight.","Worth writing up as a real supplementary finding at the decoder level, but full MPO-noise integration would require replacing GaussianPolicyHead (MPO's actual noise source, per-actuator independent Gaussian by construction) with a new custom actor class touching shared/vendored code -- a separate, larger, riskier engineering task, never scoped or attempted.","2026-07-27"
"Data-efficiency (steps-to-threshold) analysis, free-blend vs hard-constraint groups","wandb-history-only analysis (no new training): steps to reach fixed score thresholds (6000/7000/8000/8500), free-blend (w=0.5, k=3/6/11) vs hard-constraint (k=11, mapped_residual_weight=0.1) groups, h0918.","Free-blend: no consistent data-efficiency edge for real EMG -- k=11 real/null reach every threshold within ~200k steps of each other; plain MPO reaches 8000 fastest of all (2.2-2.4M steps), likely just its smaller action space. Hard-constraint: a genuine edge -- real reaches 8000 in 6.0M steps, null never reaches 8000 or 8500 at all within the 10M budget.","Distinct from the later (2026-08-15/16) decoder-training sample-efficiency (strides-per-mode) sweep already in this file -- this one measures RL training speed under different mechanisms, not decoder reconstruction quality vs data volume. Superseded by the mechanism moving to the corrected soft-blend recipe; never re-run there.","2026-07-27"
"Subject-fingerprint personalization, RL integration (Step 3, never built)","Corrects/extends the existing 'subject fingerprinting' row: the zero-shot reconstruction failure it describes was actually diagnosed and fixed (PCA-reduce the 55-dim fingerprint to k=10 + Gaussian noise injection during training) -- own-fingerprint vs pooled-average R2 delta dropped to ~0.0001-0.0008, and a follow-up check confirmed the fingerprint is a real secondary modulator, not being ignored.","Decoder-level personalization genuinely works after the fix (R2=0.99 for both AB06 and AB20 on their own vs the pooled-average fingerprint). Saved to results/subject_conditioned/decoder_k11_pooled20/.","Step 3 -- the RL policy that samples a training-pool subject's fingerprint each episode -- was never built (no existing hook for per-episode-varying conditioning in custom_distributed.py/env_wrappers; would need to live inside a new wrapper's reset()). The framework stalled at 'decoder personalization works' before ever reaching an RL comparison.","2026-08-03, RL integration still unbuilt"
"Velocity-conditioned latent prior (vcond, h0918)","Full 4-arm design: per-episode target_vel~U[0.8,1.5], symmetric gaussianVel reward, normalized target speed in obs. vcond_real (speed-conditioned EMG decoder, decoder(z,v)->EMG) / vcond_null (a_hat=0, speed still in obs) / uncond_real (plain treadmill-pool decoder, no speed input) / mpo_baseline (no wrapper). h0918, 10M steps, kill-switch review at 5M. Held-out-speed eval harness (leaps.scripts.eval_vcond_heldout_speed): pin target_vel to {0.6,0.9,1.1,1.3,1.6,1.8}, 20 eps/speed, on step_6000000.","seed0 finished at 10M: vcond_real 970.0, vcond_null 973.9, mpo_baseline 972.6 -- 4-point spread, dead heat. seed1/uncond partials all 966-974 (converged since 2M). Held-out eval: interpolation speeds all three ~equal (970-987); extrapolation all three fail identically -- top speed saturates ~1.37 m/s regardless of prior, 0.6 missed by all. uncond_real (static-prior contrast) 973.7, also on top of everything. Only real difference: vcond_real muscle activations smooth/low/unsaturated (mean ~0.07) vs vcond_null/mpo_baseline bang-bang (mean ~0.35, max 1.0).","Clean null on the one body tested. mpo_baseline is DEP-MPO + AdaptiveEnergyBuffer (already a strong exploration prior); reward is trivially saturable (vel_coeff=1, every other coeff 0, no effort/style term) so coordinated activation isn't rewarded; h0918 + a 1-parameter gait family is easy -> no room for an inductive bias. Same failure mode as fixed-speed (real EMG ~= null); task breadth didn't make h0918 hard enough. All jobs killed 2026-08-27, queue.txt block commented out. Kept as a negative finding supporting the reframe (prior's value is plausibility, not return). A full h1622/h2190 sweep would be a new experiment against the 'no new experiments after vcond' plan.","2026-08-27"
