category,body,w,seed,status,target_steps,done,notes
mpo,h0918,,0,converged,20000000.0,True,
mpo,h0918,,1,converged,20000000.0,True,
mpo,h0918,,2,converged,5000000.0,True,"5M-step new-seed burst finished cleanly 2026-08-19 22:41-2026-08-20 00:59, wandb closed normally, no error"
mpo,h1622,,0,converged (extension finished cleanly),25000000.0,True,"finished 25M steps 2026-08-20 ~18:59, final test/episode_score=948.2. Extension resolved the seen[]-dedup/resume:false bugs described previously; no further action needed."
mpo,h1622,,1,converged,20000000.0,True,"finished cleanly at 20M 2026-08-20 ~06:58, wandb closed normally (was 1.2M/20M as of 2026-08-19 22:55 check)"
mpo,h1622,,2,converged,5000000.0,True,"5M-step new-seed burst finished cleanly 2026-08-19 22:43-2026-08-20 01:01, wandb closed normally, no error"
mpo,h2190,,0,"finished 25M steps but COLLAPSED, not a healthy converge -- do not extend further, use checkpoint instead",25000000.0,True,"2026-08-21 finding: full trajectory pulled from log.csv shows this run peaked 594.7 at 5.8M steps, then declined with noise for the rest of training; last 1.5M steps (23.4-25.0M) are its WORST stretch of the whole run (120-159), final=132.5. test/terminated also rose in that final stretch (~0.8-0.9% vs ~0.4-0.6% mid-run) -- consistent with more falling, not just metric noise. This CONTRADICTS the 2026-08-19 extension rationale (""+4.55 slope, 190->238, still improving"") -- that read a local rebound inside a longer post-peak decline, not genuine improvement; extending 20M->25M did not help and the run kept sliding. A checkpoint exists at step_6000000, close to the actual 594.7 peak at 5.8M -- recoverable if the peak result is wanted instead of the final-checkpoint number. No process crash / no error -- log.csv is continuous with no gaps, this is a genuine training-stability collapse, not an infra issue."
mpo,h2190,,1,"queued, waiting for a free scheduler slot",25000000.0,,"STILL stuck at 20M/25M as of 2026-08-21 08:41 (log.csv mtime unchanged since 2026-08-20 17:33) -- the queue-slot starvation from 2026-08-20 was never resolved, this extension has made zero progress. Not a crash, just never got a scheduler slot. Given seed0's collapse finding above, worth deciding whether to keep chasing this extension at all before spending a slot on it."
mpo,h2190,,2,converged,5000000.0,True,"5M-step new-seed burst finished cleanly 2026-08-20 01:01-03:19, wandb closed normally, no error"
dep-mpo,h0918,,0,converged,20000000.0,True,kappa=1000
dep-mpo,h0918,,1,converged,20000000.0,True,kappa=1000
dep-mpo,h0918,,2,converged,20000000.0,True,"kappa=1000, grandfathered 3rd seed, no new seed needed"
dep-mpo,h1622,,0,converged,20000000.0,True,kappa=1000
dep-mpo,h1622,,1,converged (extension finished cleanly),25000000.0,True,"finished 25M steps 2026-08-20 ~19:00, final test/episode_score=998.5 -- recovered well from the earlier decline (953->911) that motivated the extension. Extension was a good bet here, unlike mpo h2190 seed0 above."
dep-mpo,h1622,,2,converged,5000000.0,True,"5M-step new-seed burst finished cleanly 2026-08-20 01:03-03:22, wandb closed normally, no error"
dep-mpo,h2190,,0,converged (extension finished cleanly),25000000.0,True,"2026-08-21: full trajectory checked for comparison against mpo h2190 seed0's collapse -- this one is noisy (oscillates ~150-650 all the way through) but NOT a sustained decline: recovers after early dips (peak 574.9@5.6M, trough ~190@8.6M, back up to 590.8@10.4M, 653.8@22.4M), ends at 520.4. Extension was a reasonable bet and it held up, unlike the mpo backbone at the same body."
dep-mpo,h2190,,1,converged,20000000.0,True,"finished cleanly at 20M 2026-08-19 ~19:16 (config dir is h2190_noclip_net256_onlyvelrew_seed1, predates the naming-convention cleanup) (was 10.6M/20M as of 2026-08-19 22:55 check)"
dep-mpo,h2190,,2,converged,5000000.0,True,"5M-step new-seed burst finished cleanly 2026-08-20 03:18-05:22, wandb closed normally, no error"
emg_lap,h0918,0.0,0,converged,20000000.0,True,"AB06_corrected decoder, post a_hat-fix. Finished 20M steps 2026-08-21 ~04:06, final test/episode_score=998.5."
emg_lap,h0918,0.0,1,converged,20000000.0,True,"AB06_corrected decoder, post a_hat-fix. Finished 20M steps 2026-08-21 ~04:07, final test/episode_score=999.75."
emg_lap,h0918,0.1,0,converged,20000000.0,True,"AB06_corrected decoder, post a_hat-fix. Finished 20M steps 2026-08-21 ~04:08, final test/episode_score=999.85."
emg_lap,h0918,0.1,1,converged,20000000.0,True,"AB06_corrected decoder, post a_hat-fix. Finished 20M steps 2026-08-21 ~04:20, final test/episode_score=999.55."
emg_lap,h0918,0.5,0,"running, launched 2026-08-21 04:08:52",20000000.0,,"AB06_corrected decoder, post a_hat-fix. As of 2026-08-21 08:37: 10.4M/20M steps (52%), test/episode_score=998.8 -- tracking the same clean near-ceiling plateau h0918 w00/w01 already showed."
emg_lap,h0918,0.5,1,"running, launched 2026-08-21 04:08:56",20000000.0,,"AB06_corrected decoder, post a_hat-fix. As of 2026-08-21 08:37: 10.4M/20M steps (52%), test/episode_score=1000.0 -- tracking the same clean near-ceiling plateau h0918 w00/w01 already showed."
emg_lap,h1622,0.0,0,"running, launched 2026-08-21 04:09:00",20000000.0,,"AB06_corrected decoder, post a_hat-fix. As of 2026-08-21 08:36: 10.2M/20M steps (51%), test/episode_score=937.2. 2026-08-21 finding: oscillating 830-995 since ~4M steps, never locking into a plateau like h0918 does -- but this matches BOTH h1622's own mpo backbone (no LAP at all, last20 mean 914+-99.5 over a full 25M run) AND the pre-a_hat-fix h1622 w00 run from 2026-08-19 (finished 20M at last20 mean 852.5+-119.4, same 850-996 band) -- h1622 is just a noisier body to control at this condition, not a regression from anything recent. See [[project_final_experiments_20260815]] for the full comparison."
emg_lap,h1622,0.0,1,"running, launched 2026-08-21 04:21:52",20000000.0,,"AB06_corrected decoder, post a_hat-fix. As of 2026-08-21 08:41: 9.8M/20M steps (49%), test/episode_score=520.6 (dropped from 778.2@9.6M -- more volatile than seed0, dipped to 454.6 around 8.4M too). Same ""h1622 is just noisier"" context as seed0 above applies -- not a crash, watch it but don't treat isolated low epochs as failure."
emg_lap,h1622,0.1,0,"queued 2026-08-20 as a FRESH start under the new clean config name -- old partial checkpoint (~1.8M/20M) orphaned under its archived old name, not migrated, see feedback_compute_queueing memory",20000000.0,,"AB06_corrected decoder, post a_hat-fix -- has partial checkpoint 2026-08-21: moved behind the untrained_lap/no_lap block in queue.txt (see those rows) -- still queued, not yet started, just later in line now than before."
emg_lap,h1622,0.1,1,"queued 2026-08-20 (post naming-fix regen + full pre-flight verification: resume flags, tonic prefixes, decoder semantics, num_acts, zero collisions)",20000000.0,,"AB06_corrected decoder, post a_hat-fix 2026-08-21: moved behind the untrained_lap/no_lap block in queue.txt (see those rows) -- still queued, not yet started, just later in line now than before."
emg_lap,h1622,0.5,0,"queued 2026-08-20 (post naming-fix regen + full pre-flight verification: resume flags, tonic prefixes, decoder semantics, num_acts, zero collisions)",20000000.0,,"AB06_corrected decoder, post a_hat-fix 2026-08-21: moved behind the untrained_lap/no_lap block in queue.txt (see those rows) -- still queued, not yet started, just later in line now than before."
emg_lap,h1622,0.5,1,"queued 2026-08-20 (post naming-fix regen + full pre-flight verification: resume flags, tonic prefixes, decoder semantics, num_acts, zero collisions)",20000000.0,,"AB06_corrected decoder, post a_hat-fix 2026-08-21: moved behind the untrained_lap/no_lap block in queue.txt (see those rows) -- still queued, not yet started, just later in line now than before."
emg_lap,h2190,0.0,0,"queued 2026-08-20 (post naming-fix regen + full pre-flight verification: resume flags, tonic prefixes, decoder semantics, num_acts, zero collisions)",20000000.0,,"AB06_corrected decoder, post a_hat-fix 2026-08-21: moved behind the untrained_lap/no_lap block in queue.txt (see those rows) -- still queued, not yet started, just later in line now than before."
emg_lap,h2190,0.0,1,"queued 2026-08-20 (post naming-fix regen + full pre-flight verification: resume flags, tonic prefixes, decoder semantics, num_acts, zero collisions)",20000000.0,,"AB06_corrected decoder, post a_hat-fix 2026-08-21: moved behind the untrained_lap/no_lap block in queue.txt (see those rows) -- still queued, not yet started, just later in line now than before."
emg_lap,h2190,0.1,0,"queued 2026-08-20 (post naming-fix regen + full pre-flight verification: resume flags, tonic prefixes, decoder semantics, num_acts, zero collisions)",20000000.0,,"AB06_corrected decoder, post a_hat-fix 2026-08-21: moved behind the untrained_lap/no_lap block in queue.txt (see those rows) -- still queued, not yet started, just later in line now than before."
emg_lap,h2190,0.1,1,"queued 2026-08-20 (post naming-fix regen + full pre-flight verification: resume flags, tonic prefixes, decoder semantics, num_acts, zero collisions)",20000000.0,,"AB06_corrected decoder, post a_hat-fix 2026-08-21: moved behind the untrained_lap/no_lap block in queue.txt (see those rows) -- still queued, not yet started, just later in line now than before."
emg_lap,h2190,0.5,0,"queued 2026-08-20 (post naming-fix regen + full pre-flight verification: resume flags, tonic prefixes, decoder semantics, num_acts, zero collisions)",20000000.0,,"AB06_corrected decoder, post a_hat-fix 2026-08-21: moved behind the untrained_lap/no_lap block in queue.txt (see those rows) -- still queued, not yet started, just later in line now than before."
emg_lap,h2190,0.5,1,"queued 2026-08-20 (post naming-fix regen + full pre-flight verification: resume flags, tonic prefixes, decoder semantics, num_acts, zero collisions)",20000000.0,,"AB06_corrected decoder, post a_hat-fix 2026-08-21: moved behind the untrained_lap/no_lap block in queue.txt (see those rows) -- still queued, not yet started, just later in line now than before."
untrained_lap,h0918,0.0,0,"queued 2026-08-20 (post naming-fix regen + full pre-flight verification: resume flags, tonic prefixes, decoder semantics, num_acts, zero collisions)",20000000.0,,"random-init decoder, post a_hat-fix 2026-08-21: reordered ahead of the remaining emg_lap h1622/h2190 lines in run_scripts/queue.txt (still 10 emg_lap configs pending) so these get the next free scheduler slots -- was picked up by the scheduler 2026-08-20 18:27 but never reached the front before it moved on to emg_lap. The tonic.name '' REFUSING errors logged 2026-08-20 19:02-19:03 were a FALSE ALARM: traced to a stale duplicate in the scheduler's own pending list pointing at the archived pre-mirror-naming-fix directory (final_experiments/archived_pre_mirror_naming_fix_20260820/...), not these live configs. All 24 untrained_lap/no_lap configs were individually re-verified to already have a correct tonic.name with the lalitha/ prefix -- no config edit was needed."
untrained_lap,h0918,0.0,1,queued 2026-08-20 alongside seed0 (post naming-fix regen + full pre-flight verification),20000000.0,,"random-init decoder, post a_hat-fix 2026-08-21: reordered ahead of the remaining emg_lap h1622/h2190 lines in run_scripts/queue.txt (still 10 emg_lap configs pending) so these get the next free scheduler slots -- was picked up by the scheduler 2026-08-20 18:27 but never reached the front before it moved on to emg_lap. The tonic.name '' REFUSING errors logged 2026-08-20 19:02-19:03 were a FALSE ALARM: traced to a stale duplicate in the scheduler's own pending list pointing at the archived pre-mirror-naming-fix directory (final_experiments/archived_pre_mirror_naming_fix_20260820/...), not these live configs. All 24 untrained_lap/no_lap configs were individually re-verified to already have a correct tonic.name with the lalitha/ prefix -- no config edit was needed."
untrained_lap,h0918,0.1,0,"queued 2026-08-20 (post naming-fix regen + full pre-flight verification: resume flags, tonic prefixes, decoder semantics, num_acts, zero collisions)",20000000.0,,"random-init decoder, post a_hat-fix -- has partial checkpoint from an earlier kill, resume:true correctly picks it up 2026-08-21: reordered ahead of the remaining emg_lap h1622/h2190 lines in run_scripts/queue.txt (still 10 emg_lap configs pending) so these get the next free scheduler slots -- was picked up by the scheduler 2026-08-20 18:27 but never reached the front before it moved on to emg_lap. The tonic.name '' REFUSING errors logged 2026-08-20 19:02-19:03 were a FALSE ALARM: traced to a stale duplicate in the scheduler's own pending list pointing at the archived pre-mirror-naming-fix directory (final_experiments/archived_pre_mirror_naming_fix_20260820/...), not these live configs. All 24 untrained_lap/no_lap configs were individually re-verified to already have a correct tonic.name with the lalitha/ prefix -- no config edit was needed."
untrained_lap,h0918,0.1,1,queued 2026-08-20 alongside seed0 (post naming-fix regen + full pre-flight verification),20000000.0,,"random-init decoder, post a_hat-fix 2026-08-21: reordered ahead of the remaining emg_lap h1622/h2190 lines in run_scripts/queue.txt (still 10 emg_lap configs pending) so these get the next free scheduler slots -- was picked up by the scheduler 2026-08-20 18:27 but never reached the front before it moved on to emg_lap. The tonic.name '' REFUSING errors logged 2026-08-20 19:02-19:03 were a FALSE ALARM: traced to a stale duplicate in the scheduler's own pending list pointing at the archived pre-mirror-naming-fix directory (final_experiments/archived_pre_mirror_naming_fix_20260820/...), not these live configs. All 24 untrained_lap/no_lap configs were individually re-verified to already have a correct tonic.name with the lalitha/ prefix -- no config edit was needed."
untrained_lap,h0918,0.5,0,"queued 2026-08-20 (post naming-fix regen + full pre-flight verification: resume flags, tonic prefixes, decoder semantics, num_acts, zero collisions)",20000000.0,,"random-init decoder, post a_hat-fix 2026-08-21: reordered ahead of the remaining emg_lap h1622/h2190 lines in run_scripts/queue.txt (still 10 emg_lap configs pending) so these get the next free scheduler slots -- was picked up by the scheduler 2026-08-20 18:27 but never reached the front before it moved on to emg_lap. The tonic.name '' REFUSING errors logged 2026-08-20 19:02-19:03 were a FALSE ALARM: traced to a stale duplicate in the scheduler's own pending list pointing at the archived pre-mirror-naming-fix directory (final_experiments/archived_pre_mirror_naming_fix_20260820/...), not these live configs. All 24 untrained_lap/no_lap configs were individually re-verified to already have a correct tonic.name with the lalitha/ prefix -- no config edit was needed."
untrained_lap,h0918,0.5,1,queued 2026-08-20 alongside seed0 (post naming-fix regen + full pre-flight verification),20000000.0,,"random-init decoder, post a_hat-fix 2026-08-21: reordered ahead of the remaining emg_lap h1622/h2190 lines in run_scripts/queue.txt (still 10 emg_lap configs pending) so these get the next free scheduler slots -- was picked up by the scheduler 2026-08-20 18:27 but never reached the front before it moved on to emg_lap. The tonic.name '' REFUSING errors logged 2026-08-20 19:02-19:03 were a FALSE ALARM: traced to a stale duplicate in the scheduler's own pending list pointing at the archived pre-mirror-naming-fix directory (final_experiments/archived_pre_mirror_naming_fix_20260820/...), not these live configs. All 24 untrained_lap/no_lap configs were individually re-verified to already have a correct tonic.name with the lalitha/ prefix -- no config edit was needed."
untrained_lap,h1622,0.0,0,"queued 2026-08-20 (post naming-fix regen + full pre-flight verification: resume flags, tonic prefixes, decoder semantics, num_acts, zero collisions)",20000000.0,,"random-init decoder, post a_hat-fix 2026-08-21: reordered ahead of the remaining emg_lap h1622/h2190 lines in run_scripts/queue.txt (still 10 emg_lap configs pending) so these get the next free scheduler slots -- was picked up by the scheduler 2026-08-20 18:27 but never reached the front before it moved on to emg_lap. The tonic.name '' REFUSING errors logged 2026-08-20 19:02-19:03 were a FALSE ALARM: traced to a stale duplicate in the scheduler's own pending list pointing at the archived pre-mirror-naming-fix directory (final_experiments/archived_pre_mirror_naming_fix_20260820/...), not these live configs. All 24 untrained_lap/no_lap configs were individually re-verified to already have a correct tonic.name with the lalitha/ prefix -- no config edit was needed."
untrained_lap,h1622,0.0,1,queued 2026-08-20 alongside seed0 (post naming-fix regen + full pre-flight verification),20000000.0,,"random-init decoder, post a_hat-fix 2026-08-21: reordered ahead of the remaining emg_lap h1622/h2190 lines in run_scripts/queue.txt (still 10 emg_lap configs pending) so these get the next free scheduler slots -- was picked up by the scheduler 2026-08-20 18:27 but never reached the front before it moved on to emg_lap. The tonic.name '' REFUSING errors logged 2026-08-20 19:02-19:03 were a FALSE ALARM: traced to a stale duplicate in the scheduler's own pending list pointing at the archived pre-mirror-naming-fix directory (final_experiments/archived_pre_mirror_naming_fix_20260820/...), not these live configs. All 24 untrained_lap/no_lap configs were individually re-verified to already have a correct tonic.name with the lalitha/ prefix -- no config edit was needed."
untrained_lap,h1622,0.1,0,"queued 2026-08-20 (post naming-fix regen + full pre-flight verification: resume flags, tonic prefixes, decoder semantics, num_acts, zero collisions)",20000000.0,,"random-init decoder, post a_hat-fix 2026-08-21: reordered ahead of the remaining emg_lap h1622/h2190 lines in run_scripts/queue.txt (still 10 emg_lap configs pending) so these get the next free scheduler slots -- was picked up by the scheduler 2026-08-20 18:27 but never reached the front before it moved on to emg_lap. The tonic.name '' REFUSING errors logged 2026-08-20 19:02-19:03 were a FALSE ALARM: traced to a stale duplicate in the scheduler's own pending list pointing at the archived pre-mirror-naming-fix directory (final_experiments/archived_pre_mirror_naming_fix_20260820/...), not these live configs. All 24 untrained_lap/no_lap configs were individually re-verified to already have a correct tonic.name with the lalitha/ prefix -- no config edit was needed."
untrained_lap,h1622,0.1,1,queued 2026-08-20 alongside seed0 (post naming-fix regen + full pre-flight verification),20000000.0,,"random-init decoder, post a_hat-fix 2026-08-21: reordered ahead of the remaining emg_lap h1622/h2190 lines in run_scripts/queue.txt (still 10 emg_lap configs pending) so these get the next free scheduler slots -- was picked up by the scheduler 2026-08-20 18:27 but never reached the front before it moved on to emg_lap. The tonic.name '' REFUSING errors logged 2026-08-20 19:02-19:03 were a FALSE ALARM: traced to a stale duplicate in the scheduler's own pending list pointing at the archived pre-mirror-naming-fix directory (final_experiments/archived_pre_mirror_naming_fix_20260820/...), not these live configs. All 24 untrained_lap/no_lap configs were individually re-verified to already have a correct tonic.name with the lalitha/ prefix -- no config edit was needed."
untrained_lap,h1622,0.5,0,"queued 2026-08-20 (post naming-fix regen + full pre-flight verification: resume flags, tonic prefixes, decoder semantics, num_acts, zero collisions)",20000000.0,,"random-init decoder, post a_hat-fix 2026-08-21: reordered ahead of the remaining emg_lap h1622/h2190 lines in run_scripts/queue.txt (still 10 emg_lap configs pending) so these get the next free scheduler slots -- was picked up by the scheduler 2026-08-20 18:27 but never reached the front before it moved on to emg_lap. The tonic.name '' REFUSING errors logged 2026-08-20 19:02-19:03 were a FALSE ALARM: traced to a stale duplicate in the scheduler's own pending list pointing at the archived pre-mirror-naming-fix directory (final_experiments/archived_pre_mirror_naming_fix_20260820/...), not these live configs. All 24 untrained_lap/no_lap configs were individually re-verified to already have a correct tonic.name with the lalitha/ prefix -- no config edit was needed."
untrained_lap,h1622,0.5,1,queued 2026-08-20 alongside seed0 (post naming-fix regen + full pre-flight verification),20000000.0,,"random-init decoder, post a_hat-fix 2026-08-21: reordered ahead of the remaining emg_lap h1622/h2190 lines in run_scripts/queue.txt (still 10 emg_lap configs pending) so these get the next free scheduler slots -- was picked up by the scheduler 2026-08-20 18:27 but never reached the front before it moved on to emg_lap. The tonic.name '' REFUSING errors logged 2026-08-20 19:02-19:03 were a FALSE ALARM: traced to a stale duplicate in the scheduler's own pending list pointing at the archived pre-mirror-naming-fix directory (final_experiments/archived_pre_mirror_naming_fix_20260820/...), not these live configs. All 24 untrained_lap/no_lap configs were individually re-verified to already have a correct tonic.name with the lalitha/ prefix -- no config edit was needed."
untrained_lap,h2190,0.0,0,converged,20000000.0,True,"finished 2026-08-22, test/episode_score final row present, 20M steps."
untrained_lap,h2190,0.0,1,converged,20000000.0,True,"finished 2026-08-22, 20M steps."
untrained_lap,h2190,0.1,0,converged,20000000.0,True,"finished 2026-08-23 ~16:xx, 20M steps, final test/episode_score=160.3 -- low score, consistent with h2190's known high seed-to-seed variance, not an error."
untrained_lap,h2190,0.1,1,converged,20000000.0,True,"finished 2026-08-23 ~16:xx, 20M steps, final test/episode_score=904.0."
untrained_lap,h2190,0.5,0,converged (peak-then-collapse),20000000.0,True,"finished 2026-08-23 ~18:0x, 20M steps. Final test/episode_score=83.5, but mid-training was 582.8 -- classic h2190 breakthrough-then-collapse, report peak not final per project_h2190_mechanistic_findings convention."
untrained_lap,h2190,0.5,1,converged (peak-then-collapse),20000000.0,True,"finished 2026-08-23 ~18:0x, 20M steps. Final test/episode_score=271.4, mid-training was 360.6."
no_lap,h0918,"n/a (post-fix, w-independent)",0,running,20000000.0,,"launched by scheduler 2026-08-23 20:53 (auto-picked-up once a slot freed). As of ~21:2x: 2.4M/20M (12%), test/episode_score=999.7 already."
no_lap,h0918,"n/a (post-fix, w-independent)",1,running,20000000.0,,"launched by scheduler 2026-08-23 20:57. As of ~21:2x: 2.0M/20M (10%), test/episode_score=996.9 already."
no_lap,h1622,"n/a (post-fix, w-independent)",0,"queued, not yet launched",20000000.0,,"next in queue.txt after untrained_lap -- blocked purely on a free concurrency slot, no config/mechanism issue."
no_lap,h1622,"n/a (post-fix, w-independent)",1,"queued, not yet launched",20000000.0,,"next in queue.txt after untrained_lap -- blocked purely on a free concurrency slot, no config/mechanism issue."
no_lap,h2190,"n/a (post-fix, w-independent)",0,"queued, not yet launched",20000000.0,,"next in queue.txt after untrained_lap -- blocked purely on a free concurrency slot, no config/mechanism issue."
no_lap,h2190,"n/a (post-fix, w-independent)",1,"queued, not yet launched",20000000.0,,"next in queue.txt after untrained_lap -- blocked purely on a free concurrency slot, no config/mechanism issue."
emg_lap_loosenGM,h1622,0.1,0,done,20000000.0,20000000.0,"loosened_residual_weight ablation, 2026-08-23: glut_med_r/l get residual_weight=0.5 (vs the normal mapped_residual_weight=0.1 every other mapped muscle uses), testing whether the glut_med/add_mag EMG-coverage asymmetry (glut_med real content + tight blend, add_mag zero content + already fully free) is what destabilizes plain h1622 emg_lap w=0.1. New LatentActionPriorWrapper kwarg (loosened_actuators/loosened_residual_weight), routed through RunSpec/builder.py/naming.py -> final_experiments/other/. FINISHED at 20M: test/episode_score=991.3. Also tried rect_fem (pair present, hurt: 533.8/872.0 vs baseline 820.1/938.6) and tib_ant (pair present, still helped: 948.7/859.4) -- coverage-gap theory does not predict which muscle benefits, see abandoned_ablations.csv 2026-09-02 entry. No further loosening ablations planned; only remaining runs are the h0918/h1622/h2190 clip-vs-noclip x full-vs-onlyvelrew matrix."
emg_lap_loosenGM,h1622,0.1,1,done,20000000.0,20000000.0,"same ablation as seed0 above. FINISHED at 20M: test/episode_score=901.4 (seed0 991.3, seed1 901.4 -- not consistently positive across seeds either, see abandoned_ablations.csv)."
vcond_real,h0918,n/a (speed-cond decoder),0,"CLOSED - null",10000000.0,True,"vcond experiment RETIRED 2026-08-27 (kill-switch). Finished 10M, test/episode_score 970.0. Held-out eval @6M (20 eps/speed): interp 970-987, extrap collapses (0.6 vel 0.93; 1.6/1.8 saturate ~1.38). No task benefit vs vcond_null/mpo_baseline. See narrative + velocity_conditioned.md + results/vcond_heldout/."
vcond_real,h0918,n/a,1,"CLOSED - died early",10000000.0,False,"stalled at 200k, never requeued. Experiment retired before requeue."
vcond_null,h0918,n/a (a_hat=0),0,"CLOSED - null",10000000.0,True,"finished 10M, test/episode_score 973.9. Held-out @6M indistinguishable from mpo_baseline. Runs away on slow targets (0.6 -> vel 1.01)."
vcond_null,h0918,n/a,1,"CLOSED - killed @6M",10000000.0,False,"killed 2026-08-27 at 6M, test 974.2 (converged since 2M). Experiment retired."
uncond_real,h0918,n/a (plain treadmillpool decoder),0,"CLOSED - killed @5.6M",10000000.0,False,"killed 2026-08-27 at 5.6M, test 973.7 - right on top of every other arm, so the 'conditioning vs static prior' contrast is also a null. Retired."
uncond_real,h0918,n/a,1,"CLOSED - killed @5.4M",10000000.0,False,"killed 2026-08-27 at 5.4M, test 929.0 (noisy epoch; was ~966 earlier). Retired."
mpo_baseline,h0918,n/a (no wrapper),0,"CLOSED - null",10000000.0,True,"DEP-MPO, speed in obs, no prior. Finished 10M, test 972.6. Held-out @6M: best interp tracking at 0.9 (err .016), same extrap failure as the wrapped arms. The arm that makes the kill-switch case."
mpo_baseline,h0918,n/a,1,"CLOSED - died early",10000000.0,False,"stalled at 200k, retired with the rest."
